INSERT INTO jobCapabilities (capabilityId, capabilityName) VALUES 
(1,'Engineering'),
(2,'Platforms'),
(3,'Data'),
(4,'Artificial Intelligence'),
(5,'Cyber Security'),
(6,'Workday'),
(7,'Experience Design'),
(8,'Product'),
(9,'Delivery'),
(10,'Operations'),
(11,'Business Development and Marketing'),
(12,'Organisational Strategy and Planning'),
(13,'People'),
(14,'Commercial and Financial Management'),
(15,'Business Services Support');

INSERT INTO jobBandLevel (bandName, bandLevel) VALUES
('Apprentice', 6),
('Trainee', 6),
('Associate', 5),
('Senior Associate', 4),
('Consultant', 3),
('Manager', 2),
('Manager working toward Principal', 2),
('Principal', 1),
('Leader', 1),
('Executive', 1);

INSERT INTO jobFamily (familyName, capabilityId) VALUES
-- Engineering
('Engineering Strategy and Planning',1),
('Engineering',1),
('Architecture',1),
('Testing and Quality Assurance',1),
('Product Specialist',1),
-- Platforms
('Platform Strategy and Planning',2),
('Platform Engineering',2),
('Platform Architecture',2),
('Platform Specialists',2),
('Cloud Migration',2),
('Systems Support',2),
-- Data
('Data Strategy and Planning',3),
('Data Engineering',3),
('Analysis & Data Architecture',3),
-- Artificial Intelligence
('Artificial Intelligence (AI) Strategy and Planning',4),
('Artificial Intelligence (AI) Engineering',4),
('Data Science',4),
-- Cyber Security
('Security Strategy and Planning',5),
('Security Engineering',5),
('Corporate Security',5),
-- Workday
('Strategy and Planning',6),
('HCM',6),
('Financials (including Payroll)',6),
('Data',6),
('Integrations',6),
('Change & User Adoption',6),
('Adaptive Planning',6),
('Product Services',6),
('Product Development',6),
('Extend',6),
('Spend Management',6),
-- Experience Design
('Insights',7),
('Content Design',7),
('UX / Visual Design',7),
('Service Design',7),
-- Product
('Product Consultancy',8),
('Digital Advisory Consultancy',8),
('Specialist Consultancy',8),
-- Delivery
('Delivery Strategy & Planning',9),
('Delivery Management',9),
('Engineering Management',9),
('Service Management',9),
('Workday Engagement Management',9),
-- Operations
('Operations Strategy and Planning',10),
('Operational Management',10),
('Staff Management',10),
('Programme Management Office (PMO)',10),
-- Business Development and Marketing
('Strategy and Planning',11),
('Business Development',11),
('Client Management',11),
('Partners',11),
('Bid Production',11),
('Inside Sales',11),
('Marketing - Business',11),
('Marketing - Martech',11),
-- Organisational Strategy and Planning
('Organisational Strategy and Planning',12),
-- People
('People Strategy and Planning',13),
('People Support',13),
('Organisational Development & Learning (OD&L)',13),
('Talent Acquisition',13),
-- Commercial and Financial Management
('Commercial and Financial Management Strategy & Planning',14),
('Commercial',14),
('Financial Management',14),
-- Business Services Support
('Business Services',15),
('Property Management',15),
('Travel Management',15),
('Corporate Social Responsibility Management',15);

INSERT INTO jobTraining (jobBandId, trainingLevel, courseName) VALUES
(7, 'Advanced', 'Inspiring Leaders Talent Programme'),
(8, 'Advanced', 'Inspiring Leaders Talent Programme'),
(9, 'Advanced', 'Inspiring Leaders Talent Programme'),
(7, 'Advanced', 'Empowering Leadership Programme'),
(8, 'Advanced', 'Empowering Leadership Programme'),
(9, 'Advanced', 'Empowering Leadership Programme'),
(7, 'Advanced', 'Leadership DiSC Sessions'),
(8, 'Advanced', 'Leadership DiSC Sessions'),
(9, 'Advanced', 'Leadership DiSC Sessions'),
(7, 'Advanced', 'Competency Framework Team Sessions'),
(8, 'Advanced', 'Competency Framework Team Sessions'),
(9, 'Advanced', 'Competency Framework Team Sessions'),
(7, 'Advanced', '360 Feedback (Leaders)'),
(8, 'Advanced', '360 Feedback (Leaders)'),
(9, 'Advanced', '360 Feedback (Leaders)'),
(4, 'Core', 'Effective Manager'),
(5, 'Core', 'Effective Manager'),
(6, 'Core', 'Effective Manager'),
(4, 'Core', 'Coaching Skills'),
(5, 'Core', 'Coaching Skills'),
(6, 'Core', 'Coaching Skills'),
(4, 'Core', 'Change Management'),
(5, 'Core', 'Change Management'),
(6, 'Core', 'Change Management'),
(4, 'Core', 'Courageous Conversations'),
(5, 'Core', 'Courageous Conversations'),
(6, 'Core', 'Courageous Conversations'),
(1, 'Foundation', 'Effective Meetings'),
(2, 'Foundation', 'Effective Meetings'),
(3, 'Foundation', 'Effective Meetings'),
(1, 'Foundation', 'Steps for Success'),
(2, 'Foundation', 'Steps for Success'),
(3, 'Foundation', 'Steps for Success'),
(1, 'Foundation', 'Power Point 1'),
(2, 'Foundation', 'Power Point 1'),
(3, 'Foundation', 'Power Point 1'),
(1, 'Foundation', 'Enhancing your Communication Skills'),
(2, 'Foundation', 'Enhancing your Communication Skills'),
(3, 'Foundation', 'Enhancing your Communication Skills'),
(1, 'Foundation', 'Effective Time Management'),
(2, 'Foundation', 'Effective Time Management'),
(3, 'Foundation', 'Effective Time Management'),
(1, 'All Staff', 'Coaching Lessons'),
(2, 'All Staff', 'Coaching Lessons'),
(3, 'All Staff', 'Coaching Lessons'),
(4, 'All Staff', 'Coaching Lessons'),
(5, 'All Staff', 'Coaching Lessons'),
(6, 'All Staff', 'Coaching Lessons'),
(7, 'All Staff', 'Coaching Lessons'),
(8, 'All Staff', 'Coaching Lessons'),
(9, 'All Staff', 'Coaching Lessons'),
(1, 'All Staff', 'Mindset Tools'),
(2, 'All Staff', 'Mindset Tools'),
(3, 'All Staff', 'Mindset Tools'),
(4, 'All Staff', 'Mindset Tools'),
(5, 'All Staff', 'Mindset Tools'),
(6, 'All Staff', 'Mindset Tools'),
(7, 'All Staff', 'Mindset Tools'),
(8, 'All Staff', 'Mindset Tools'),
(9, 'All Staff', 'Mindset Tools'),
(1, 'All Staff', 'Excel'),
(2, 'All Staff', 'Excel'),
(3, 'All Staff', 'Excel'),
(4, 'All Staff', 'Excel'),
(5, 'All Staff', 'Excel'),
(6, 'All Staff', 'Excel'),
(7, 'All Staff', 'Excel'),
(8, 'All Staff', 'Excel'),
(9, 'All Staff', 'Excel'),
(1, 'All Staff', 'Sleep Well'),
(2, 'All Staff', 'Sleep Well'),
(3, 'All Staff', 'Sleep Well'),
(4, 'All Staff', 'Sleep Well'),
(5, 'All Staff', 'Sleep Well'),
(6, 'All Staff', 'Sleep Well'),
(7, 'All Staff', 'Sleep Well'),
(8, 'All Staff', 'Sleep Well'),
(9, 'All Staff', 'Sleep Well');

INSERT INTO job (capabilityId, jobName, jobResponsibility, specification, bandLevelId, jobFamilyId) VALUES
(1,'Trainee Software Engineer','As a Trainee Software Engineer with Kainos, you will work on projects where you can make a real difference to people’s lives – the lives of people you know. After taking part in our award-winning, seven-week Engineering Academy, you will then join one of our many project teams, to learn from our experienced developers, project managers and customer-facing staff. You’ll have great support and mentoring, balanced with the experience of being given real, meaningful work to do, to help you truly develop both technically and professionally.','https://kainossoftwareltd.sharepoint.com/people/Job%20Specifications/Forms/AllItems.aspx?id=%2Fpeople%2FJob%20Specifications%2FEngineering%2FJob%20profile%20%2D%20Software%20Engineer%20%28Trainee%29%2Epdf&parent=%2Fpeople%2FJob%20Specifications%2FEngineering&p=true&ga=1',2,2),
(1,'Trainee Data Engineer','As a Trainee Data Engineer (Trainee) in    Kainos you will enter the Kainos Big Data Academy. Successful graduates of the Big Data Academy will become Associate Data Engineers, following a period of extended project-based training.  Data Engineers work within a multi-skilled agile team to develop large-scale data processing software to meet user needs in demanding production environments. Working to develop data processing software primarily for deployment in Big Data technologies, the role encompasses the full software lifecycle including design, code, test and defect resolution Most of our work comes through repeat business and direct referrals, which comes down to the quality of our people. The success of our Data Engineering teams means that customers are bringing us an increasing number of exciting data projects using cutting-edge technology to solve real-world problems. We are seeking more high calibre people to join our Data & Analytics capability through our Big Data Academy.','https://kainossoftwareltd.sharepoint.com/people/Job%20Specifications/Forms/AllItems.aspx?id=%2Fpeople%2FJob%20Specifications%2FData%2FJob%20profile%20%2D%20Trainee%20Data%20Engineer%20%28T%29%2Epdf&parent=%2Fpeople%2FJob%20Specifications%2FData&p=true&ga=1',2,13),
(3,'Trainee data Analyst','No information available',NULL,2,14),
(1,'Trainee test Engineer','As a Test Engineer (Trainee) in Kainos, you’ll work within a multi-skilled agile team, developing and executing functional automated and manual tests to help the team deliver working application software that meets user needs. You’ll do this whilst learning about new technologies and approaches, with talented colleagues who will help you learn, develop and grow.','https://kainossoftwareltd.sharepoint.com/people/Job%20Specifications/Forms/AllItems.aspx?id=%2Fpeople%2FJob%20Specifications%2FEngineering%2FJob%20profile%20Trainee%20Test%20Engineer%20%28Trainee%29%2Epdf&parent=%2Fpeople%2FJob%20Specifications%2FEngineering',2,4),
(1,'Data Engineer','As a Data Engineer (Associate) in Kainos you will work within a multi-skilled agile team to design and develop large-scale data processing software to meet user needs in demanding production environments.','https://kainossoftwareltd.sharepoint.com/people/Job%20Specifications/Forms/AllItems.aspx?id=%2Fpeople%2FJob%20Specifications%2FData%2FJob%20profile%20%2D%20Data%20Engineer%20%28As%29%2Epdf&parent=%2Fpeople%2FJob%20Specifications%2FData&p=true&ga=1',3,13),
(3,'Data Analyst','As a Data Analyst (Associate) in Kainos, you’ll be responsible for matching the needs of data insight with understanding of the available data. Data analysts work closely with customers to produce insight products including reports, dashboards and visualisations but also contribute to project understanding of existing data structures so that inputs and outputs are fully understood.  Most of our work comes through repeat business and direct referrals, which comes down to the quality of our people. The success of our Data Engineering teams means that customers are bringing us an increasing number of exciting data projects using cutting-edge technology to solve real-world problems. We are seeking more high calibre people to join our Data & Analytics capability where you will grow and contribute to industry-leading technical expertise.','https://kainossoftwareltd.sharepoint.com/people/Job%20Specifications/Forms/AllItems.aspx?id=%2Fpeople%2FJob%20Specifications%2FData%2FJob%20profile%20%2D%20Data%20Analyst%20%28As%29%2Epdf&parent=%2Fpeople%2FJob%20Specifications%2FData&p=true&ga=1',3,14),
(1,'Software Engineer','As a Software Engineer (Associate) in Kainos, you’ll be responsible for developing high quality solutions which delight our customers and impact the lives of users worldwide. You’ll do this whilst learning about new technologies and approaches, with talented colleagues that will help you to learn, develop and grow.','https://kainossoftwareltd.sharepoint.com/people/Job%20Specifications/Forms/AllItems.aspx?id=%2Fpeople%2FJob%20Specifications%2FEngineering%2FJob%20profile%20%2D%20Software%20Engineer%20%28Associate%29%2Epdf&parent=%2Fpeople%2FJob%20Specifications%2FEngineering&p=true&ga=1',3,2),
(1,'Test Engineer','As a Test Engineer (Associate) in Kainos, you’ll work within a multi-skilled agile team, developing and executing functional automated and manual tests to help the team deliver working application software that meets user needs. You’ll do this whilst learning about new technologies and approaches, with talented colleagues who will help you learn, develop and grow.','https://kainossoftwareltd.sharepoint.com/people/Job%20Specifications/Forms/AllItems.aspx?id=%2Fpeople%2FJob%20Specifications%2FEngineering%2FJob%20profile%20%20Test%20Engineer%20%28Associate%29%2Epdf&parent=%2Fpeople%2FJob%20Specifications%2FEngineering',3,4),
(1,'Senior Software Engineer','As a Senior Software Engineer (Senior Associate) in Kainos, you’ll be responsible for developing high quality solutions which delight our customers and impact the lives of users worldwide. It’s a fast-paced environment so it is important for you to make sound, reasoned decisions. You’ll do this whilst learning about new technologies and approaches, with talented colleagues that will help you to learn, develop and grow as you, in turn, mentor those around you.','https://kainossoftwareltd.sharepoint.com/people/Job%20Specifications/Forms/AllItems.aspx?id=%2Fpeople%2FJob%20Specifications%2FEngineering%2FJob%20profile%20%2D%20Senior%20Software%20Engieneer%20%28Senior%20Associate%29%2Epdf&parent=%2Fpeople%2FJob%20Specifications%2FEngineering&p=true&ga=1',4,2),
(1,'Senior Test Engineer','As a Senior Test Engineer (Senior Associate) in Kainos, you’ll work within a multi-skilled agile team, developing and executing functional automated and manual tests to help the team deliver working application software that meets user needs. You’ll do this whilst learning about new technologies and approaches, with talented colleagues who will help you learn, develop and grow.','https://kainossoftwareltd.sharepoint.com/people/Job%20Specifications/Forms/AllItems.aspx?id=%2Fpeople%2FJob%20Specifications%2FTesting%2FJob%20profile%20%2D%20Senior%20Test%20Engineer%20%28Senior%20Associate%29%2Epdf&parent=%2Fpeople%2FJob%20Specifications%2FTesting&p=true&ga=1',4,4),
(1,'Senior Data Engineer','As a Senior Data Engineer (Senior Associate) at Kainos, you will be responsible or designing and developing data processing and data persistence software components for solutions which handle data at scale. Working in agile teams, Senior Data Engineers provide strong development leadership and take responsibility for significant technical components of data systems . You will work within a multi-skilled agile team to design and develop large-scale data processing software to meet user needs in demanding production environments.','https://kainossoftwareltd.sharepoint.com/people/Job%20Specifications/Forms/AllItems.aspx?id=%2Fpeople%2FJob%20Specifications%2FData%2FJob%20profile%20%2D%20Senior%20Data%20Engineer%20%28SA%29%2Epdf&parent=%2Fpeople%2FJob%20Specifications%2FData&p=true&ga=1',4,14),
(1,'Solution Architect','As a Solution Architect (Manager) in Kainos, you’ll be responsible for leading multi-skilled agile teams to design and deliver high quality solutions which delight our customers and impact the lives of users worldwide. You’ll work with customer architects to agree functional and non-functional designs, advising customers and managers on the estimated effort, technical implications and complexity surrounding your designs.  You’ll manage, coach and develop a small number of staff, with a focus on managing employee performance and assisting in their career development. You’ll also provide direction and leadership for your team as you solve challenging problems together.  As a technical leader, you will work with your peers to develop policy and standards, share knowledge and mentor those around you. You’ll do this whilst advising about new technologies and approaches, with room to learn, develop and grow.','https://kainossoftwareltd.sharepoint.com/people/Job%20Specifications/Forms/AllItems.aspx?id=%2Fpeople%2FJob%20Specifications%2FEngineering%2FJob%20Profile%20%2D%20Solution%20Architect%20%28Manager%29%2Epdf&parent=%2Fpeople%2FJob%20Specifications%2FEngineering&p=true&ga=1',6,2),
(1,'Test Architect','As a Test Architect (Manager) in Kainos, you’ll be responsible for ensuring we deliver high quality solutions which delight our customers and impact the lives of users worldwide.As an experienced test practitioner, you’ll lead our clients and the wider market on better testing and quality, whilst working with client stakeholders to agree a strategy for testing that addresses the needs of fast-changing digital services.You’ll do this whilst advising Kainos about new tools and approaches, working with your peers to develop policy and standards, share knowledge and mentor those around you, with room to learn, develop and grow. You’ll manage, coach and develop a small number of staff, with a focus on managing employee performance and assisting in their career development.As a technical leader in the team, you will also interact with customers, share knowledge and mentor those around you.  You’ll also provide direction and leadership for your team as you solve challenging problems together.','https://kainossoftwareltd.sharepoint.com/people/Job%20Specifications/Forms/AllItems.aspx?id=%2Fpeople%2FJob%20Specifications%2FTesting%2FJob%20profile%20%2D%20Test%20Architect%20%28Manager%29%2Epdf&parent=%2Fpeople%2FJob%20Specifications%2FTesting&p=true&ga=1',6,4),
(3,'Data Solution Architect','As a Data Solution Architect (Manager) in Kainos, you’ll be responsible for a multi- skilled agile teams to design and deliver contemporary data solutions. You will be a quality orientated pragmatist, where you balance trade-offs to successfully deliver complex solutions. You will be viewed as an authority figure for data technology solutions, providing strong technical and thought leadership.','https://kainossoftwareltd.sharepoint.com/people/Job%20Specifications/Forms/AllItems.aspx?id=%2Fpeople%2FJob%20Specifications%2FData%2FJob%20profile%20%2D%20Data%20Solution%20Architect%20%28M%29%2Epdf&parent=%2Fpeople%2FJob%20Specifications%2FData&p=true&ga=1',6,13),
(1,'Lead Software Engineer','As a Lead Software Engineer (Consultant) in Kainos, you’ll be responsible for leading teams and developing high quality solutions which delight our customers and impact the lives of users worldwide. It’s a fast-paced environment so it is important for you to make sound, reasoned decisions. You’ll do this whilst learning about new technologies and approaches, with talented colleagues that will help you to learn, develop and grow. You’ll manage, coach and develop a small number of staff, with a focus on managing employee performance and assisting in their career development. You’ll also provide direction and leadership for your team as you solve challenging problems together.  As the technical leader in the team, you will also interact with customers, share knowledge and mentor those around you.','https://kainossoftwareltd.sharepoint.com/people/Job%20Specifications/Forms/AllItems.aspx?id=%2Fpeople%2FJob%20Specifications%2FEngineering%2FJob%20profile%20%2D%20Lead%20Software%20Engineer%20%28Consultant%29%2Epdf&parent=%2Fpeople%2FJob%20Specifications%2FEngineering&p=true&ga=1',5,2),
(1,'Lead Data Engineer','As a Lead Software Engineer (Consultant) in Kainos, you’ll be responsible for leading teams and developing high quality solutions which delight our customers and impact the lives of users worldwide. It’s a fast-paced environment so it is important for you to make sound, reasoned decisions. You’ll do this whilst learning about new technologies and approaches, with talented colleagues that will help you to learn, develop and grow. You’ll manage, coach and develop a small number of staff, with a focus on managing employee performance and assisting in their career development. You’ll also provide direction and leadership for your team as you solve challenging problems together.  As the technical leader in the team, you will also interact with customers, share knowledge and mentor those around you.','https://kainossoftwareltd.sharepoint.com/people/Job%20Specifications/Forms/AllItems.aspx?id=%2Fpeople%2FJob%20Specifications%2FData%2FJob%20profile%20%2D%20Lead%20Data%20Engineer%20%28C%29%2Epdf&parent=%2Fpeople%2FJob%20Specifications%2FData&p=true&ga=1',5,13),
(3,'Data Architect','As a Data Architect (Manager) in Kainos, you’ll be responsible for providing SME guidance in traditional data architecture disciplines around data structures, data flows, data sourcing and data governance. Data Architects work closely with clients to understand their data requirements and take responsibility for ensuring solutions are fit for purpose. They also provide technical leadership for the rest of the team in the area of data. Data Architects may also work at the solution or enterprise level - for example resolving data definition and mastering issues across complex stakeholder environments.  Most of our work comes through repeat business and direct referrals, which comes down to the quality of our people. The success of our data projects means that customers are bringing us an increasing number of exciting data projects using cutting-edge technology to solve real-world problems. We are seeking more high calibre people to join our Data & Analytics capability where you will grow and contribute to industry-leading technical expertise.You will manage, coach and develop a a small number of staff, with a focus on managing employee performance and assisting in their career development. You’ll also provide direction and leadership for your team as you solve challenging problems together.','https://kainossoftwareltd.sharepoint.com/people/Job%20Specifications/Forms/AllItems.aspx?id=%2Fpeople%2FJob%20Specifications%2FData%2FJob%20profile%20%2D%20Data%20Architect%20%28M%29%2Epdf&parent=%2Fpeople%2FJob%20Specifications%2FData&p=true&ga=1',6,14),
(1,'Lead Test Engineer','As a Lead Test Engineer (Consultant) in Kainos, you’ll be a technical leader and innovator in    software testing, providing strong test leadership and direction within a   multi-skilled agile team. Taking responsibility for the strategy, design and development of automated, manual, and non-functional tests, you’ll help the team to deliver working application software that meets user needs and is of sufficient quality for promotion to users. It’s a fast-paced environment so it is important for you to make sound, reasoned decisions. You’ll do this whilst learning about new technologies and approaches, with talented colleagues who will help you learn, develop and grow.You’ll manage, coach and develop a   small number of staff, with a   focus on managing employee performance and assisting in their career development. You’ll also provide direction and leadership for your team as you solve challenging problems together.As a technical leader in  the team, you will also interact with customers, share knowledge and mentor those around you.','https://kainossoftwareltd.sharepoint.com/people/Job%20Specifications/Forms/AllItems.aspx?id=%2Fpeople%2FJob%20Specifications%2FEngineering%2FJob%20profile%20%2D%20Lead%20Test%20Engineer%20%28Consultant%29%2Epdf&parent=%2Fpeople%2FJob%20Specifications%2FEngineering',5,4),
(1,'Principle Architect',"As a Principal Architect (Principal) in Kainos, you’ll be accountable for successful delivery of large-scale high-quality solutions which delight our customers and impact the lives of users worldwide.  You will provide assurance and support to multi -skilled agile teams by understanding the outcomes the solution is trying to achieve, the technical implications and complexity surrounding you and your teams' designs and helping teams make the right decisions.  You’ll work with senior stakeholders to agree architectural principles, strategic direction and functional and non-functional designs. You'll manage other architects and engineers in the capability to help them navigate their careers.As a technical leader, you will work with your colleagues to lead development of policy and standards, develop customer relationships, develop account strategies and share knowledge and mentor those around you. You’ll do this whilst advising about new technologies and approaches, with room to learn, develop and grow.You’ll manage, coach and develop a small number of staff, with a focus on managing employee performance and assisting in their career development. You’ll also provide direction and leadership for your team as you solve challenging problems together.",'https://kainossoftwareltd.sharepoint.com/people/Job%20Specifications/Forms/AllItems.aspx?id=%2Fpeople%2FJob%20Specifications%2FEngineering%2FJob%20Profile%20%2D%20Principal%20Architect%20%28Principal%29%2Epdf&parent=%2Fpeople%2FJob%20Specifications%2FEngineering&p=true&ga=1',8,2),
(3,'Principle Data Solution Architect',"As a Principal Data Solution Architect in Kainos, you’ll be accountable for successful delivery of contemporary data solutions across multiple customers.  You’ll have gravitas within the data community and strong thought leadership, working with senior stakeholders to agree principles, strategic direction and functional and non-functional designs. You'll manage other architects and engineers in the capability to help them navigate their careers.  You will provide assurance and support to multi-skilled agile teams by understanding the outcomes the solution is trying to achieve, the technical implications and complexity surrounding you and your teams' designs and helping teams make the right decisions.  As a technical leader, you will work with your colleagues to lead development of policy and standards, develop customer relationships, develop account strategies and share knowledge and mentor those around you. You’ll do this whilst advising about new technologies and approaches, with room to learn, develop and grow.",'https://kainossoftwareltd.sharepoint.com/people/Job%20Specifications/Forms/AllItems.aspx?id=%2Fpeople%2FJob%20Specifications%2FData%2FJob%20profile%20%2D%20Principal%20Data%20Solution%20Architect%20%28P%29%2Epdf&parent=%2Fpeople%2FJob%20Specifications%2FData&p=true&ga=1',8,13),
(3,'Principle Data Architect',"As a Principal Data Architect in Kainos, you’ll be accountable for successful delivery of data solutions across multiple customers; taking responsibility across traditional data architecture disciplines around data structures, data flows, data sourcing and data governance.  This will mean working at a solution and enterprise level.You’ll have gravitas within the data community and strong thought leadership, working with senior stakeholders to agree principles, strategic direction and functional and non-functional designs. You'll manage other in the capability to help them navigate their careers. You will provide assurance and support to multi-skilled agile teams by understanding the data related outcomes the solution is trying to achieve, the technical implications and complexity surrounding you and your teams' data related designs and helping teams make the right decisions.As a technical leader, you will work with your colleagues to lead development of policy and standards, develop customer relationships, develop account strategies and share knowledge and mentor those around you. You’ll do this whilst advising about new technologies and approaches, with room to learn, develop and grow.",'https://kainossoftwareltd.sharepoint.com/people/Job%20Specifications/Forms/AllItems.aspx?id=%2Fpeople%2FJob%20Specifications%2FData%2FJob%20profile%20%2D%20Principal%20Data%20Architect%20%28P%29%2Epdf&parent=%2Fpeople%2FJob%20Specifications%2FData&p=true&ga=1',8,14),
(1,'Principle Test Architect',"As a Principal Test Architect (Principal) in Kainos, you’ll be responsible for ensuring we deliver high quality solutions which delight our customers and impact the lives of users worldwide.As an experienced test practitioner, you’ll lead our clients and the wider market on better testing and quality, whilst working with client stakeholders to agree a strategy for testing that addresses the needs of fast-changing digital services.You’ll do this whilst advising Kainos about new tools and approaches, working with your peers to develop policy and standards, share knowledge and mentor those around you, with room to learn, develop and grow. You’llmanage, coach and develop a small number of staff, with a focus on managing employee performance and assisting in their career development.As a technical leader in the team, you will also interact with customers, shareknowledgeand mentor those around you.You’llalso provide direction and leadership for your teamand capabilityas you solve challenging problems togetherand make improvementsto encourage motivation and confidence.",'https://kainossoftwareltd.sharepoint.com/people/Job%20Specifications/Forms/AllItems.aspx?id=%2Fpeople%2FJob%20Specifications%2FEngineering%2FJob%20profile%20%2D%20Principal%20Test%20Architect%20%28P%29%2Epdf&parent=%2Fpeople%2FJob%20Specifications%2FEngineering',8,4);

INSERT INTO competency (competencyName) VALUES
('Personal Performance'),
('Working with Others'),
('Setting Direction, Development and Accountability'),
('Supporting and Delivering the Strategy'),
('Commerciality and Risk'),
('Communicating and Influence');

INSERT INTO competency_band (bandLevelId, competencyId, subheading, information) VALUES
	('1', '1', 'Developing self-awareness', 'Understands own strengths and areas of development. Self-aware of own wellbeing and seeks support where appropriate.'),
	('1', '1', 'Managing yourself', 'Works with People Manager to sets and achieve goals by monitoring progress regularly against performance.'),
	('1', '1', 'Continuing personal development', 'Flexible and willingness to learnon the job while proactively keeping up to date with the knowledge and skills needed.'),
	('1', '1', 'Acting with integrity', 'Understands the company values and applies this to own principles. Is open and honest and acts respectfully with others and customers.'),
	('2', '1', 'Developing self-awareness', 'Understands others strengths and areas for development. Recognising diversity and its value within self andteam. Proactively uses wellbeing tools to support self-regulation.'),
	('2', '1', 'Managing yourself', 'Able to identify own goals and discusses these with People Manager. Understands the need to work conscientiously to achieve tasks on schedule.'),
	('2', '1', 'Continuing personal development', 'Identifies learning gaps and seeks out opportunities to improve skills. Open to developmental feedback fromothers.'),
	('2', '1', 'Acting with integrity', 'Demonstrates positive behaviours when dealing with others and ensures application of the values while working and representing Kainos to our customers.'),
	('3', '1', 'Developing self-awareness', 'Seeks out new challenges and opportunitiesthat may stretchcurrentabilities.Builds on own self-awareness of overall wellbeing.'),
	('3', '1', 'Managing yourself', 'Recognises the need for SMART goals, and demonstrates a “can do” attitude, through having own internal standards of performance.'),
	('3', '1', 'Continuing personal development', 'Seeks out opportunities to improve skills beyond the role scope whilst also seekingregular feedback.'),
	('3', '1', 'Acting with integrity', 'Encourages positive behaviours in others, while role modelling the Kainos values.'),
	('4', '1', 'Developing self-awareness', 'Understands and confidently articulates own learning and developmental needs and proactively seek opportunities to gain experience.Has a strong level of self-awareness and in tune with own wellbeing needs and intuitive of others.'),
	('4', '1', 'Managing yourself', 'Seeks and responds positively to feedback regarding own learning and development. Approach with a willingness to take on tasks that are outside role scope.'),
	('4', '1', 'Continuing personal development', 'Looks for opportunities to take on new challenges while proactively supporting and encouraging others in identifying learning needs.'),
	('4', '1', 'Acting with integrity', 'Recognises inappropriate behaviours and challenges constructively while promoting the Kainos values. Adapting behaviours and acting in the most appropriate way to enable others to respond constructively.'),
	('5', '1', 'Developing self-awareness', 'Understands own personal preferences, biases and values different cultures, backgrounds and circumstances in decision making and takes actions.Champions Kainos wellbeing offerings and provides direction to the various wellbeing guides and support availablefor our people.'),
	('5', '1', 'Managing yourself', 'Consistently sets own goals and manages this independently. Making autonomous decisions and are able to ‘get on with the job’ escalating decisions only when appropriate.'),
	('5', '1', 'Continuing personal development', 'Identifies and addresses team or individual capability requirements and gaps to deliver current and future work. Consistently identifies and develops self and others to support talent development.'),
	('5', '1', 'Acting with integrity', 'Demonstrates professional and organisational values through actions and behaviours. Behaves in an inclusive manner and respects equality and diversity.'),
	('6', '1', 'Developing self-awareness', 'Reflects on how factors such as own values, prejudices and emotions influences own judgement, behaviour, and self-belief. Uses feedback from appraisals and other sources to consider personal impact and changes behaviour. Understands personal sources of stress and wellbeing.'),
	('6', '1', 'Managing yourself', 'Plans and manages own time effectively and fulfils work requirements andcommitments to a high standard, without compromising own health and wellbeing. Remains calm andfocused under pressure. '),
	('6', '1', 'Continuing personal development', 'Proactively manages self and career and identifies personal learning needs plan and completesa broad range of formal andinformal learning opportunitiesby taking responsibility for own personal development and seekingopportunities forlearning. Strives to put learning into practice.Clearly demonstrates that leadership and technical skills are equally valued. '),
	('6', '1', 'Acting with integrity', 'Behaves in an open, honest, and inclusive manner, upholding personal and organisational ethics and values. Shows respect for the needs of others and promotes equality and diversity.'),
	('7', '1', 'Developing self-awareness', 'Appreciates the impact of selfon others and the impact others have on self. Routinely seeks feedback and adapts own behaviour appropriately. Identifying the impact others have on self and others.'),
	('7', '1', 'Managing yourself', 'Ensures that own work plans and priorities fit with the needs of others involved in delivering services. Demonstrates flexibility and sensitivity and remainsassertive in pursuing service goals.Builds and managed own personal brand both internally and externally.'),
	('7', '1', 'Continuing personal development', 'Encourages a broad range of formal and informallearning opportunities, supporting development and career managementby putting self forward for challenging assignments and projects which will develop strengths and address development areas. Seeks and provides constructive feedback from a variety of sources to support personal growth.'),
	('7', '1', 'Acting with integrity', 'Acts as a role model for others in demonstrating integrity and inclusiveness in all aspects of own work.Challenges where organisational values are compromised.'),
	('8', '1', 'Developing self-awareness', 'Reflects on owninteractions with a wide and diverse range of individuals andgroups from within and beyond immediate service/organisation.Challenges and refreshes own values, beliefs, leadership styles and approaches. Overtly role models the giving and receiving of feedback.'),
	('8', '1', 'Managing yourself', 'Successfully manages a range of personal and organisational demandsand pressures. Demonstrates tenacity and resilience. Overcomes setbacks where goals cannot be achieved and quickly refocuses. Is visible andaccessible to others.'),
	('8', '1', 'Continuing personal development', 'Acts as an exemplar for others in managing continuous personal development. Facilitates the development of a learning culture.Identifies tangible, objective business improvements and benefits when planning development activities and identifies and tracks these through metrics, to demonstrate impact onbusiness results.'),
	('8', '1', 'Acting with integrity', 'Creates an open, honest, and inclusive culture in accordance with clearprinciples and values. Ensures equity of access to services and creates anenvironment where people from all backgrounds can excel. '),
	('9', '1', 'Developing self-awareness', 'An exemplary role model of self-awareness and welcomes feedback openly. A strong advocate and voice for building a culture of self-development and seen to set the tone for effective leadership at a senior level.'),
	('9', '1', 'Managing yourself', 'Confident and independent in own personal impact and recognises an influence on others beyond immediate teams. Goals are aligned to strategic objectives and Kainos values. Champions self and others for equality, diversity, and inclusion.'),
	('9', '1', 'Continuing personal development', 'Role modelscontinuous learning and self-development, evaluating own effectiveness and growth and planning further development. Progressesin the right direction for self and Kainos through strong personal ownership.'),
	('9', '1', 'Acting with integrity', 'Assures standards of integrity are maintained across the business and communicates the importance of always adopting an ethical and inclusive approach.'),
	('10', '1', 'Developing self-awareness', 'Uses sophisticated tools and sources to continuously learn about own leadershipimpact across the wider business community and improve personal effectiveness as a senior leader. Understands how pressures associated with carrying out a high-profile role impacts personally and own performance.'),
	('10', '1', 'Managing yourself', 'Remains focused on the wider Kainos strategic goals when faced with competingand, at times, conflicting demands arising from differing priorities. Identifies where the need to personally get involved to achieve the most benefit for the wider organisation.'),
	('10', '1', 'Continuing personal development', 'Develops through systematically scanningthe external environment and exploring leading edge thinking and best practice.Applies learning to build and refresh the business. Treats challenge as a positive forcefor improvement.'),
	('10', '1', 'Acting with integrity', 'Actively develops and protects Kainos through promoting and role modelling our values and competencies to achieve desired culture. Ensuring the business priorities maximise sustainability, equality, and diversity.'),
	('1', '2', 'Mobilises self and others to drive self-improvement', 'Understand how to respond constructively to developmental feedback from a diverse range of people and implement changesas a result.'),
	('1', '2', 'Champions continuous improvement', 'Displays high levels of enthusiasm, energy and pace toachieve performance and results.'),
	('1', '2', 'Developing networks and building and maintaining relationships', 'Recognisesthe need to build internal networks within immediate teams and projects.'),
	('1', '2', 'Working within teams', 'Respects others by attending meetings on time and contributing where appropriate. Recognising how current role relates to others within Capability and project.'),
	('2', '2', 'Mobilises self and others to drive self-improvement', 'Shares learning with the team and othercolleagues, contributingto the team’s understanding.'),
	('2', '2', 'Champions continuous improvement', 'Maintains consistent performance, challenging self and others to be positive and focused on achieving results,despite setbacks.Support others to work in a way that is mutually supportive'),
	('2', '2', 'Developing networks and building and maintaining relationships', 'Builds strong working relationships within team and project teams and start to consider building a wider network.'),
	('2', '2', 'Working within teams', 'Aware of the consequences of own behaviour and how this may affect others within the team. Supportsthe sharing of knowledge, information and learning with other colleagues.'),
	('3', '2', 'Mobilises self and others to drive self-improvement', 'Actively take opportunities to learn from a diverse range of people, tomaximise performanceand mentor/coach more junior colleagues.'),
	('3', '2', 'Champions continuous improvement', 'Is creative in finding ways to learn and personally improve results,suggesting new approaches to benefit self andthe team. Review progress against goalsmaking necessary adjustments to deliver successfully.'),
	('3', '2', 'Developing networks and building and maintaining relationships', 'Consistently collaborates within immediate teams and finds opportunities to build rapport and trust while supporting others.Proactively contribute to the work of the whole teamwhilst building positive colleague relationships '),
	('3', '2', 'Working within teams', 'Actively participates and cooperates to support others within the team to achieve common goals. Able to interact effectively in stressful or frustrating situations, knowing when to step awayfor composure.'),
	('4', '2', 'Mobilises self and others to drive self-improvement', 'Proactively supportsthe development of other team memberswhile identifying opportunities to increase innovation toachieve team’s objectives.'),
	('4', '2', 'Champions continuous improvement', 'Encourages both formal and informal learning opportunities, ensuring others take responsibility for own learning and share thisto increase organisational capability.Support and stretches self and others to deliver agreed goals and objectives'),
	('4', '2', 'Developing networks and building and maintaining relationships', 'Effectively builds wider networks across projects, Capabilities and BUs and constructively challenges colleagues including those in positions of authority.'),
	('4', '2', 'Working within teams', 'Encourages collaborative team working within immediate teams and across the whole business. Supports an environment where others can make mistakes and learn from it. Open to giving and receiving honest feedback in order to highlight areas of improvement and recognise high performance.'),
	('5', '2', 'Mobilises self and others to drive self-improvement', 'Support and empower team members through a range of activities to include coaching and mentoring. Demonstrate that leadership and technical skillsare equally valued'),
	('5', '2', 'Champions continuous improvement', 'Role model continuous learning and self-development, evaluating own effectiveness and growth. Motivate others to achieve through challenging times. Regularly monitor and discuss own and team’sperformance expectations defined within the performance management system.'),
	('5', '2', 'Developing networks and building and maintaining relationships', 'Builds a strong network of collaborative relationships, in order to achieve objectives, whilst supporting wider stakeholder agendas. Recognised as an active mentor and coach and can demonstrate examples of coaching others in immediate teams to improve performance.'),
	('5', '2', 'Working within teams', 'Encourages involvement from others to deliver through collaboration better resultsfor Kainos. Recognises and builds on individual strengths of colleagues and team members while building relationships based on trust. Consistently publicise what the team members have achieved and give feedback and recognition awards where appropriate.'),
	('6', '2', 'Mobilises people to drive business improvement and innovation', 'Supports others in delivering high quality services and excellenceby supporting mobilising teams and contributing to business improvement.'),
	('6', '2', 'Champions continuous improvement in self and others - creating a positive environment and encouraging contribution', 'Seeks and acknowledges the views and inputs of others. Shows respect for the contributions and challenges of othersthrough positive and constructive feedback.'),
	('6', '2', 'Managing performance', 'Uses information and data about performance to identify improvements which will strengthen services.'),
	('6', '2', 'Developing networks and building and maintaining relationships', 'Identifies where working and cooperating with others can result in better services. Endeavours to work collaboratively. Communicates with and listens to others, recognising different perspectives. Empathises and considers the needs and feelings of others. Gains and maintains trust andsupport.'),
	('6', '2', 'Working within teams', 'Understands roles, responsibilities, and purpose within the team. Adopts a collaborative approach and respects team decisions.'),
	('7', '2', 'Mobilises people to drive business improvement and innovation', 'Provides others with clear purpose and direction. Helping others in developing their roles and responsibilities.Balances the long-term business strategy against short term deliverables.'),
	('7', '2', 'Champions continuous improvement in self and others - creating a positive environment and encouraging contribution', 'Creates a supportive environment which encourages others to express diverse opinions and engage in decision making. Constructively challenges suggestions and reconciles conflicting views.Balanced and constructive feedback is provided with a view to support change and improvement.'),
	('7', '2', 'Managing performance', 'Works with others to set and monitor performance standards, addressing areas where performance objectives are not achieved.Broadens knowledge about teams for Talent development, retention and succession planning.'),
	('7', '2', 'Developing networks and building and maintaining relationships', 'Uses networks to bring individuals and groups together to share information and resources and to achieve goals. Builds and maintains relationships with a range of individuals involved in delivering the service. Manages sensitivities between individuals and groups.'),
	('7', '2', 'Working within teams', 'Helps lead others towards common goals, providing clear objectives and offering appropriate support. Shows awareness of team dynamics and acts to promote effective team working.Appreciates the efforts of others.Builds a motivated team to be open, inclusive, honest and collaborative.'),
	('8', '2', 'Mobilises people to drive business improvement and innovation', 'Motivates and coaches’ individuals and teams to strengthen their performance and assist with developing their own capabilities and skills. Aligns individual development needs with service goals.'),
	('8', '2', 'Champions continuous improvement in self and others - creating a positive environment and encouraging contribution', 'Integrates the contributions of a diverse range of stakeholders, being open and honest about the extent to which contributions can be based upon.Challenges others to provide stronger feedback and drive continuous improvement.'),
	('8', '2', 'Managing performance', 'Establishes rigorous performance measures. Holds self, individuals, and teams to account for achievingperformance standards. Challenges when service expectations are not beingmet and takes corrective action.'),
	('8', '2', 'Developing networks and building and maintaining relationships', 'Identifies and builds effective networks with a range of influential stakeholders internaland external to the organisation. Builds and nurtures trusting relationships at all levels within and across services and organisational boundaries.'),
	('8', '2', 'Working within teams', 'Takes on recognised leadership roles within the organisation. Builds high performing inclusive teams that contribute to productivity and efficiencies. Promotes autonomy and empowerment and maintains a sense of optimism and confidence.'),
	('9', '2', 'Mobilises people to drive business improvement and innovation', 'Inspires and supports the business to mobilise diverseteams that are committed to and aligned with organisational values and goals. Engages with influencers to deliver joined up services.'),
	('9', '2', 'Champions continuous improvement in self and others - creating a positive environment and encouraging contribution', 'Creates systems which encourage contribution throughout the organisation. Invites contribution from different regions, sectors, and business units to bring about consistent improvements.'),
	('9', '2', 'Managing performance', 'Successfully accountable for the direction of the wider business on creating performance standards and recognises business areas that require focus and adapts approach to meet the demands and needs of employees, customers, and services.'),
	('9', '2', 'Developing networks and building and maintaining relationships', 'Works across boundaries creating networks which facilitate high levels of collaboration within and across organisations and sectors. Builds and maintains sustainable strategic alliances across the system and other sectors. Has high impact when interacting with others at all levels.'),
	('9', '2', 'Working within teams', 'Contributes and leads senior teams. Enables others to take on leadershipresponsibilities, building high level leadership capability and capacity from a diverse range of backgrounds.'),
	('10', '2', 'Mobilises people to drive business improvement and innovation', 'Removes barriers to preventing business improvement and innovation across Kainos. Drives innovation and diversity and enables inclusive environmentswhile challenging and empowering others to lead.'),
	('10', '2', 'Champions continuous improvement in self and others - creating a positive environment and encouraging contribution', 'Improves company performance throughengaging the company’s purposeboth internally andexternally.'),
	('10', '2', 'Managing performance', 'Promotes an inclusive culture that enables people to perform to their best, ensuring that appropriate performance management systems are in place and thatperformance data is systematically evaluated and fed into future plans.'),
	('10', '2', 'Developing networks and building and maintaining relationships', 'Takes a strategic and objective perspective to identifying potential and capability needs of Kainos, identifying and nurturing future leaders and innovators.'),
	('10', '2', 'Working within teams', 'Drives and delivers a culture that emphasises continuous improvement and effective team working relationships. Not afraid to lead in challenging times and make the hard decisions and communicate to the whole business with confidence and integrity.'),
	('1', '3', 'Effective time management', 'Understands role, tasks and deadlines and work towards these, escalating any issues where appropriate to People/Project Manager.'),
	('1', '3', 'Promoting accountability', 'Accepts personal responsibility for quality and timelines of work set.'),
	('1', '3', 'Effective meetings', 'Works to manage diary, commitments and ready to attend meetings on time.'),
	('1', '3', 'Problem solving', 'Actively supports new initiatives and tries different ways of doing things, learning from others’ experiences.'),
	('2', '3', 'Effective time management', 'Plans time effectively to ensure deadlines are met, and seen to be honest, escalating in advanceany issueswith completingtasks within the specified time.'),
	('2', '3', 'Promoting accountability', 'Takes ownership of all responsibilities within own role and honours commitments to others and to Kainos.'),
	('2', '3', 'Effective meetings', 'Effectively manages diary, coming prepared for meetings and actively listen.'),
	('2', '3', 'Problem solving', 'Breaks down issues, and actively seeks further information and understanding.'),
	('3', '3', 'Effective time management', 'Recognises how much time is required for different tasks and start to prioritise and communicate effectively within teams. Seeking appropriate support while supporting peers and junior team members.'),
	('3', '3', 'Promoting accountability', 'Identifies commitments and proactively seeks responsibility in delivering towards the wider team and project objectives.'),
	('3', '3', 'Effective meetings', 'Establishes effective meetings through setting an agenda and coming prepared and speaking on projects calls where appropriate. Follows up and delivers upon actions from meetings.'),
	('3', '3', 'Problem solving', 'Makes suggestions for improvements to personal work and processes.'),
	('4', '3', 'Effective time management', 'A strong ability to multitask and prioritise to deadlines, overcoming obstacles to ensure the work is completed within time. Researching and communicating in advance any barriers that may affect projects.'),
	('4', '3', 'Promoting accountability', 'Demonstrates individual responsibility for achieving objectives and able to articulate success, failures and proposing remedial actions.'),
	('4', '3', 'Effective meetings', 'Consistently prepared for meetings and effectively managesown diary for preparation and an agenda is set in advance. Actively seeks inputfrom colleagues and challenges others where appropriate.'),
	('4', '3', 'Problem solving', 'Processes and distils a variety of information to understand a problem fully while proposing options for solutions and building on the ideas of others.'),
	('5', '3', 'Effective time management', 'Develops effective systems to organise and track workload while, motivating and encouraging others to achieve planned results, delegating work to use people and resources to best effect. Ensuring colleagues are aware of any changing priorities and monitor progress.'),
	('5', '3', 'Promoting accountability', 'Delegates authority to match responsibilities and holds staff accountable for agreed-upon commitments. Within immediate teams creates accountability by using experience and advice to guide others.'),
	('5', '3', 'Effective meetings', 'Sets an example of leading internal and external meetings through preparation, prioritisation, and considered agendas,ensuring any challenges and issues are discussed.'),
	('5', '3', 'Problem solving', 'Seeks the opinions and experiences of others to understand different approaches while thinking laterally about own work and encouraging creative problem solving.'),
	('6', '3', 'Identifying the contexts for change', 'Understands the range of factors which determine why changes are madeand supports Kainos senior leaders to deliver key messages.'),
	('6', '3', 'Improvement and Innovation', 'Gathers data and information about aspects of the business, analyses evidence and uses this knowledge to suggest changes that will improve services in the future.Questions established practices which do not add value. Puts forward creative suggestions to improve the quality of service provided.'),
	('6', '3', 'Making decisions', 'Consults with others and contributes to decisions including the future direction/vision of own business area or projects. '),
	('6', '3', 'Creating and Evaluating impact', 'Assesses the effects of change on service delivery and customer outcomes. Makes recommendations for future improvements.'),
	('7', '3', 'Identifying the contexts for change', 'Identifies the external and internal drivers of change. Positively role models and communicates the rationale for change to others.'),
	('7', '3', 'Improvement and Innovation', 'Obtains and analyses information about servicesto inform future direction. Supports and encourages others to use knowledge and evidenceto inform decisions about the future of services.Acts as a positive role model for innovation. Encourages dialogue and debate in the development of new ideas with a wide range of people.'),
	('7', '3', 'Making decisions', 'Involves key people and groups in making decisions. Actively engages in formal and informal decision making processes about the future of services.'),
	('7', '3', 'Creating and Evaluating impact', 'Evaluates and embeds approaches and working methods which have proved to be effective into the working practices ofteams and individuals. '),
	('8', '3', 'Identifying the contexts for change', 'Actively seeks to learn about internal and external factors which will impact on the business. Interprets the meaning of these for Kainos and incorporates these into business plans and actions. '),
	('8', '3', 'Improvement and Innovation', 'Understands the complex interdependencies across a range of services. Applies knowledge to set future direction.Challenges colleagues’ thinking to find better and more effective ways of delivering services and quality. Accesses creativity and innovation from relevant individuals and groups.'),
	('8', '3', 'Making decisions', 'Remains accountable for making timely decisions in complex situations. Modifies decisions and flexes direction when faced with new information or changing circumstances.'),
	('8', '3', 'Creating and Evaluating impact', 'Identifies gains which can be applied elsewhere in the business and incorporates these into operational / capability / business plans. Disseminates learning from changes which have beenintroduced.'),
	('9', '3', 'Identifying the contexts for change', 'Synthesises knowledge from a broad range of sourcesto identifyfuture challenges and imperatives that will create the need for change. Influences the context for change in the best interests of our people, our customers,and our business'),
	('9', '3', 'Improvement and Innovation', 'Uses knowledge, evidence,and experience of national and international developments in technology and our consumers toinfluence the future development of Kainos and our services.Drives a culture of innovation and improvement. Integrates radical and innovative approaches into strategic plans to make Kainos world class in the provision of technology services.'),
	('9', '3', 'Making decisions', 'Ensures that corporate decision-making is conducted with appropriate rigour and takes account of the full range of factors impinging on the future direction of the organisation and the wider business. Can operate without all the facts. Takes unpopular decisions when in the best interests of Kainos in the long term.'),
	('9', '3', 'Creating and Evaluating impact', 'Synthesises learning arising from changes which have been introduced andincorporates these into strategic plans. Shareslearning with the wider business.'),
	('10', '3', 'Identifying the contexts for change', 'Develops an in-depth insight into the dynamics and issues surrounding Kainos including political, economic, social, environmental, technological,and legal impacts.Fully understands the impact of change on organisation culture and proactively seeks feedback and ideas from employees and stakeholders while also empowering leaders.'),
	('10', '3', 'Improvement and Innovation', 'Creates an environment that fosters knowledge sharing and innovation, demonstratingthe courage to take risks to enable significant improvements and empowering others to do so where appropriate.Creates a culture of flexibility and responsiveness, mobilising Kainos to respond quickly to changing priorities.'),
	('10', '3', 'Making decisions', 'Fully engages and utilises external experts wider experience and knowledge to support strategic decision making. Navigates and balances external pressures while empowering leaders and principals to shape Kainos strategy and business priorities.'),
	('10', '3', 'Creating and Evaluating impact', 'Creates a culture of transparency and honesty when it comes to evaluating impact challenges and successes. Fostering an ethos of one Kainos. Scanning the broad internal and external environment and taking account of wider impact todevelop long term implementation strategies that maximise opportunities to add value to customers and support sustainable growth. '),
	('1', '4', 'Supporting the strategy and Vision', 'Understands the Kainos Vision, Strategy and Principles.'),
	('1', '4', 'Organisational awareness', 'Understands the organisation structure and the purpose of Kainos.'),
	('1', '4', 'Cultural and ethical awareness', 'Possess general knowledge of local cultural differences and familiar with the Kainos policy towards Diversity and Inclusion.'),
	('2', '4', 'Supporting the strategy and Vision', 'Recognises how tocontribute to the wider organisational objectives and strategic principles.'),
	('2', '4', 'Organisational awareness', 'Pays attention to organisational information, how well we are doing and what is changing.'),
	('2', '4', 'Cultural and ethical awareness', 'Awareness of cultural differences and willingness to develop and grow understanding of global and cultural effectiveness.'),
	('3', '4', 'Supporting the strategy and Vision', 'Articulates individual contribution to the wider Kainos objectives and uses evidence by including SMART goals that align to the Capability/BU.'),
	('3', '4', 'Organisational awareness', 'Clearly defines how individualpersonalperformance can have an impact on the business achieving the vision and objectives.'),
	('3', '4', 'Cultural and ethical awareness', 'Respects differences and promotes inclusion on a transactional level.Displays appropriate ethical behaviours and acknowledges own unconscious bias.'),
	('4', '4', 'Supporting the strategy and Vision', 'Supports peers and team members in understanding the wider Kainos objectives and how we all have a role in Kainos’success.'),
	('4', '4', 'Organisational awareness', 'Recognises and reflects on how personal actions may have a wider impact on other people and teams.'),
	('4', '4', 'Cultural and ethical awareness', 'Demonstrates awareness and appreciation for the global multi-dimensional and diverse perspectivesof our people.Provide a protective environment within immediate teams in which colleagues can escalate any issues while demonstrating impartial application of Kainos policies, procedure and practices.'),
	('5', '4', 'Supporting the strategy and Vision', 'Balances own teams needs with wider organisational needs while translating the Vision and Strategy into practical and tangible goals.'),
	('5', '4', 'Organisational awareness', 'Effectively ensures immediate teams understand how their work contributes to and delivers organisational priorities.'),
	('5', '4', 'Cultural and ethical awareness', 'Consistently role models cultural effectiveness in the demonstration of ethical behaviourswhile understanding the value diversity brings to Kainos. Promotingdiversity and inclusion within teams while adaptingto the needs of our diverse people.'),
	('6', '4', 'Framing the strategy', 'Strategic awareness including an understanding and knowledge of how roleand those within in immediateteam fitwithand support delivery ofthe organisational objectives.'),
	('6', '4', 'Developing the strategy', 'Feeds in ideas and knowledge from immediate teams and supportsthe senior leaders in developing a strategy.'),
	('6', '4', 'Implementing the strategy', 'Support, develop and implement the strategy in immediate teams.'),
	('6', '4', 'Embedding the strategy', 'Passionately advocates the strategy and vision and translates this into action and opportunities within immediate teams. Understands the need for OKR’s/KPI’s and own role in supporting and shaping in relation to immediate teams.'),
	('7', '4', 'Framing the strategy', 'Assesses and brings together views and perspectives of self and others to support shaping the strategy.Ensures relevant issues relating to immediate business area are effectively fed into strategy and big picture considerations.'),
	('7', '4', 'Developing the strategy', 'Strives to understand the key drivers and motivations of strategic objectives and the role in which ownarea supports these.'),
	('7', '4', 'Implementing the strategy', 'Establishes clear responsibilities and roles within teams to support delivering elements of the strategy while holding people to account. Identifies, nurtures, and leads talent effectively to help meet future strategic objectives. '),
	('7', '4', 'Embedding the strategy', 'Supports and inspires others responsible for delivering strategic and operational plans, helping them to overcome obstacles and challenges and remain focused. Supports shaping and redirecting KPI’s across teams.'),
	('8', '4', 'Framing the strategy', 'Encourages and demonstrates creative, lateral, critical and systems-basedthinking when framing the strategy.'),
	('8', '4', 'Developing the strategy', 'Engages with key individuals and groups to formulate strategic plans that aligns with the wider Kainos objectives.Identify organisational change requirements and ensure they are understood for organisational readiness decisions.'),
	('8', '4', 'Implementing the strategy', 'Ensures that the strategic plans are translated into workable operational plans, identifying risks, critical success factors and evaluation methods. Championing change despite personal resistance to demonstrate the ability to support and lead other through change. '),
	('8', '4', 'Embedding the strategy', 'Creates a consultative organisational culture to support delivery of the strategy and to drive strategic change within the wider business. Sets direction and priorities through KPI’s and monitors success. '),
	('9', '4', 'Framing the strategy', 'Takes account of the culture, history, and long-term strategic directionfor Kainos. Critically reviewing relevant thinking, ideas and best practice and applies whole systems thinking toconceptualise a strategy in line with the vision.'),
	('9', '4', 'Developing the strategy', 'Integrates the views of a broad range of stakeholders to develop a coherent, joined up and sustainable strategyfor own domain.Assesses organisational readiness for change. Manages the risks, political sensitivities and environmental uncertainties involved.'),
	('9', '4', 'Implementing the strategy', 'Responds constructively to challenge. Puts systems, structures, processes, resources, and plans inplace to deliver the strategy. Establishes accountabilities and holds people in local, regional, and national structures to account for jointlydelivering strategic and operational plans. Demonstrates flexibility when change is required. '),
	('9', '4', 'Embedding the strategy', 'Enables and supports the conditions and culture needed to sustain changes integral to the successful delivery of the strategy. Keeps momentum alive by reinforcing key messages, monitoring progress, and recognising where the strategy has been embraced by others. Evaluates outcomes and uses learnings to adapt strategic and operational plans. Aligns KPI’s across the business and reports on progress to ensure continued progress.'),
	('10', '4', 'Framing the strategy', 'Sets, maintains, and ensures a clear direction for Kainos with highly focused priorities and results by articulating short, medium-and long-term strategies focused on adding real value to Kainos and our customers'),
	('10', '4', 'Developing the strategy', 'Creates joined up strategies and plans which help put into practice and support Kainos vision and long-term directionwhich are challenging yet achievable.Based upon external economic, social, technology and environmental trends.'),
	('10', '4', 'Implementing the strategy', 'Enables the whole company to remain focused on business priorities, irrespective of challenges. Swiftly refocuses Kainos on new priorities as changing situations dictate. Models personal resilience and accountability for achieving strategic priorities and results. Balances challenging operational and strategic priorities. '),
	('10', '4', 'Embedding the strategy', 'Establishes transparency and trust where results are discussed openly. Encourages and inspires the organisation to energise delivery, while driving a performance culture across Kainos and achieve results through others. Monitors and evaluates strategic outcomes, adjusting to ensure sustainability of the strategy and ongoing communication and engagement. '),
	('1', '5', 'Demonstrates commercial awareness and behaviours', 'Understandsthe marketsand sectors inwhich Kainos operateswhile acknowledging how role links in andhas an impact onother teamsand the business.'),
	('1', '5', 'Improves efficiency and effectiveness to drive profitability', 'Wiling to learn, and embrace new ideas, to improve processes and procedures.'),
	('1', '5', 'Promotes and adheres to Kainos process and policies', 'Cooperates with business processes completing accurately and honestly e.g., timesheets/EOY Review and travel requests.'),
	('2', '5', 'Demonstrates commercial awareness and behaviours', 'Understandshow the business generates income. Supportingthe business by assisting in activitiessuch as Recruitment events, Career fairs and Work experience mentoring. Keepsup to date with current trends relating to work.'),
	('2', '5', 'Improves efficiency and effectiveness to drive profitability', 'Reviewscurrent practices and constructive in implementing changesto own work.'),
	('2', '5', 'Promotes and adheres to Kainos process and policies', 'Consistently cooperates with business processes completing accurately and honestly e.g., timesheets/EOY Review and travel requests.'),
	('3', '5', 'Demonstrates commercial awareness and behaviours', 'Comprehends the need for the business to generate additional income and respectsthat costs need to be managed.Recognises the contribution that role makes to the success of the business, consistently delivering to task deadlines.'),
	('3', '5', 'Improves efficiency and effectiveness to drive profitability', 'Acknowledgeswhatis requiredto manage costs within the business. Considersand suggestsideas for improvements,sharing this feedback with others in aconstructive manner.'),
	('3', '5', 'Promotes and adheres to Kainos process and policies', 'Constantly achieves personal productive utilisation targets. Appreciatinghowtheteam/projectsupports increased income for Kainos.'),
	('4', '5', 'Demonstrates commercial awareness and behaviours', 'Demonstrates a clear understanding of how the business makes profitand how individualrole effects profitability of the company.Respectfully challengescommercial decisions to contribute an increased profitability.'),
	('4', '5', 'Improves efficiency and effectiveness to drive profitability', 'Managesand meetsthe expectations of customers without compromising budgets. Supportschange in a constructive manner to help colleagues and stakeholders understand changes and why they have been introduced.'),
	('4', '5', 'Promotes and adheres to Kainos process and policies', 'Understandsthe organisational structure of Kainos, reporting lines and can actively identify where key responsibilities lie. '),
	('5', '5', 'Demonstrates commercial awareness and behaviours', 'Identifies potential new opportunities for Kainosto generate income and proactively takes action to progress. Understanding the commercial implications of changes in scope and negotiate with customers proactively. Able to look beyond the immediate problems/issues to see the impact on the bigger picture.'),
	('5', '5', 'Improves efficiency and effectiveness to drive profitability', 'Uses financial information to find pragmatic new ways of saving cost/effortwithout reducing output. Review procedures or systems with immediateteams to identify improvements and simplify processes and decision making.'),
	('5', '5', 'Promotes and adheres to Kainos process and policies', 'Recognise the impact of BU and company profitability and supportscompany decisions that affect+profit.Ensures own team are adhering to policies, processes, and procedures.'),
	('6', '5', 'Demonstrates commercial awareness and behaviours', 'Aware of the importance of effective commercial behaviours and the needs of the business. Identifies and ensures that personal objectives are focussed on innovative solutions to achieve commercial outcomes and objectives as well as contributing to our growth ambitions. Recognises when products or services are not being delivered to the required level of quality or standard and takes appropriate action.'),
	('6', '5', 'Contributes to the ongoing development of new business to support Kainos’ growth ambitions', 'Contributes to development of new business through involvement in BD process, for example, bid/proposal writing, customerpresentations, pricing solutions. Establishes trusted customer relationships and adds value by helping and advising customers in areas beyond current project work, identifying possible areas where additional Kainos business can be generated.'),
	('6', '5', 'Improves efficiency and effectiveness to drive profitability ', 'Looks to support and drive efficiencies and profitability through immediate team. Reviews processes within own teams and challenges through the right behaviours and channels to support the overall commercial objectives. '),
	('6', '5', 'Manages risk to Kainos and the interest of our shareholders ', 'Understands and protects Kainos from risks associated with contractual commitments. Takes a balanced risk and reward view to activities and commitments while managing quality and Kainos interests. '),
	('6', '5', 'Promotes and adheres to Kainos process and policies ', 'Supports and aligns to Kainos policies and processes escalating or challenging where appropriate. Ensures compliance across own team.'),
	('7', '5', 'Demonstrates commercial awareness and behaviours', 'Role models leadership, influencing and accountability in relation to commerciality and risks to create and deliver the corporate plan. Creates and embeds a culture of commercial awareness and solid business acumen, ensuring that all employees understand the commercial environment in which we operate and can pro- actively play a part in delivering change, efficiency and growth. '),
	('7', '5', 'Contributes to the ongoing development of new business to support Kainos’ growth ambitions', 'Takes ownership and responsibility for specific bid production and proposal creation opportunities, leading and motivating a team to create innovative and differentiating solutions that address customer needs. Identifying and maturing new opportunities with customers, helping them in their thought process and positioning Kainos to undertake the work through a consultative ‘trusted advisor’ approach. Contributes to business development strategy for accounts, territories, offerings or practices as well as execution to achieve assigned news business targets.'),
	('7', '5', 'Improves efficiency and effectiveness to drive profitability ', 'Identifies alternative cost-effective methods to achieve desired outcomes through considered decisions on spend. Creates and effectively articulates robust business cases with support. Does not avoid the difficult conversations with internal and external customers. '),
	('7', '5', 'Manages risk to Kainos and the interest of our shareholders ', 'Advocates for Kainos, and constantly operates in alignment with the company values and ambition. Manging risk within discipline area/teams to ensure no reputational damage to the brand. '),
	('7', '5', 'Promotes and adheres to Kainos process and policies ', 'Champions alignment to company policies and procedures in everyday work and decision making. Delivers what is expected against each business process. '),
	('8', '5', 'Demonstrates commercial awareness and behaviours', 'Recognises commercial opportunities and where necessary seeks support in converting those opportunities into income. Leads on the awareness to protect margin through various means by setting the tone within own teams and BU. Encouraging others to challenge profit, spend and process. Creates value add propositions to support growth and negotiates fair deals for customers and services both internal and external. '),
	('8', '5', 'Contributes to the ongoing development of new business to support Kainos’ growth ambitions', 'Takes ownership and responsibility of creating and executing a strategy to develop new business in an area of expertise, in accordance with agreed targets and OKRs. Pro-actively promotes Kainos externally, in line with relevant field of expertise, identifying and fostering leads and opportunities for Kainos to generate new business. Coaches, motivates and encourages colleagues to develop new BD skills and provides the opportunity for colleagues to excel in this field.'),
	('8', '5', 'Improves efficiency and effectiveness to drive profitability ', 'Leads the creation of business cases while championing efficiencies through innovation and change. Challenges others to work differently by reducing the effort within Kainos internally and engages customers in commercial conversations to maximise profit. '),
	('8', '5', 'Manages risk to Kainos and the interest of our shareholders ', 'Promotes all aspects of the Kainos brand both internally and externally. Sets and delivers upon goals that directly impact the financial stability of Kainos. Implements appropriate mechanisms to measure progress towards commercial results, identifies shortfalls and risks and escalates as necessary. '),
	('8', '5', 'Promotes and adheres to Kainos process and policies ', 'Influences the Kainos processes and policies ensuring teams are consistently managed against these. '),
	('9', '5', 'Demonstrates commercial awareness and behaviours', 'Develops teams focussed on maximising commercial value for Kainos who are focused on pace, execution, and decisiveness. Builds a culture of challenging discretionary spend to ensure alignment to Kainos and organisational objectives, as well as seeking and driving opportunities that will deliver increased growth and profit. '),
	('9', '5', 'Contributes to the ongoing development of new business to support Kainos’ growth ambitions', 'Identifies and leads significant new business streams that positively deliver growth for Kainos, for example, running a major practice or region and responsible for generating new business that will achieve agreed targets and OKRs. Leading and inspiring a team with devolved responsibility to deliver success. With an entrepreneurial mindset, yet balanced against robust business plans, creating and driving new business initiatives that support growth, staff development and market differentiation.'),
	('9', '5', 'Improves efficiency and effectiveness to drive profitability ', 'Independently accountable for leading and executing the business plan while building commercial acumen across the wider business and our customers, including introducing incremental and ongoing change and innovation to drive improvements that impact profitability. '),
	('9', '5', 'Manages risk to Kainos and the interest of our shareholders ', 'Ensure that commercial considerations and risks are fully considered when defining strategic priorities and plans. Seeks opportunities to expand the Kainos brand through accountability for leading companywide initiatives that will bolster the Kainos brand positively. Confidence to take calculated and assessed risks to support growth objectives. '),
	('9', '5', 'Promotes and adheres to Kainos process and policies ', 'Creates and establishes high performance and effective working across Kainos by leading consistent application of processes and setting new direction for process including constructive challenge in the interests of continuous improvement.'),
	('10', '5', 'Demonstrates commercial awareness and behaviours', 'Understands the commercial drivers that will influence our customers, stakeholders, and suppliers and how these can be used to achieve mutually beneficial outcomes and potential growth opportunities for Kainos. Works effectively with customers, colleagues, and stakeholders to understand their requirements and implement innovative and commercial solutions that will drive efficiency and enable growth. '),
	('10', '5', 'Contributes to the ongoing development of new business to support Kainos’ growth ambitions', 'Role model for others to follow. Inspires staff across the whole organisation tocontribute to BD and celebrate its success. Champions BD, promoting Kainos at levels including internal ‘all hands’, partners, investors, customers and senior figureheads within regions. Takes responsibility for strategic investment decisions, for example, acquisitions, new markets, new regions.'),
	('10', '5', 'Improves efficiency and effectiveness to drive profitability ', 'Draws on insights of current and future marketplace dynamics to seize opportunities to stimulate sustainable growth. Drives and delivers a continuous pipeline of innovation through our business models, products, and services ensuring sustainable commercial growth. '),
	('10', '5', 'Manages risk to Kainos and the interest of our shareholders ', 'Makes and encourages strategic investment decisions, challenging to ensure appropriate levels of expenditure and maximise return. Demonstrates transparency both in terms of key investment decisions and appropriate use ofresources. Initiates and build strategic commercial relationships with the shareholder, partners, customers, and competitors to deliver results. '),
	('10', '5', 'Promotes and adheres to Kainos process and policies ', 'Sets clear direction against all processes and policies and ensures we continue to develop and adapt to the ever-evolving risks and changes to the needs of the whole business. '),
	('1', '6', 'Communicates effectively', 'Acts in a respectful manner inall forms of communication while being open and honest.Displays a positive approach when interacting with others.'),
	('1', '6', 'Influencing others', 'Recognises influencing as a key skill required towork effectively with internal and external customers.'),
	('1', '6', 'Customer Focus and Stakeholder management', 'Acts in accordance with the Kainos values demonstrating through own behaviours and interactions with colleagues and customers.'),
	('2', '6', 'Communicates effectively', 'Communicates own views in a clear and constructive manner, while listening to different viewsand considers all employees from various backgrounds.'),
	('2', '6', 'Influencing others', 'Observe steam/colleagues influencing internally and externally and understands the benefits of adapting personal style to shape, motivate and influence effectively.'),
	('2', '6', 'Customer Focus and Stakeholder management', 'Understands who our customers are and what problems the team is trying to solve. '),
	('3', '6', 'Communicates effectively', 'Involved at meetings, asking questions, listening and develops and presents a well-reasoned point of view.Remaining communicative and clear in own thoughts and ideas when approached by others, giving consideration to the communication needs of other staff and customers.'),
	('3', '6', 'Influencing others', 'Demonstrates influencing skills internally and able to communicate points clearly and open to feedback from others.'),
	('3', '6', 'Customer Focus and Stakeholder management', 'Demonstrates how to participate in stakeholder management, escalates effectively,and strives to provide a quality service and showcase Kainos positively.'),
	('4', '6', 'Communicates effectively', 'Recognises and respect that communication is a two-way process and demonstrate effective questioning and active listening skills to achieve this. Confidently handles challenging conversations and is clear and constructive in response.'),
	('4', '6', 'Influencing others', 'Persuadesand influences with sound rationale argument ‘appealing to others’ interest or reason to gain support.'),
	('4', '6', 'Customer Focus and Stakeholder management', 'Authentic in stakeholder relationships and take pride in being inclusive and trustworthy while keeping promises made with customers. Responds honestlyand promptly to customer requests and whenever possible within agreed timeframes. '),
	('5', '6', 'Communicates effectively', 'Uses communication to create a shared sense of purpose and direction. Adapting ownstyle to effectively communicate and able to demonstrate this when difficult conversations have a positive outcome.'),
	('5', '6', 'Influencing others', 'Actsas an influential and effective member of multi-disciplinary teams or projects. Initiate’s collaboration and actively encourages people to cooperate in initiatives where they can add value.'),
	('5', '6', 'Customer Focus and Stakeholder management', 'Assesses customer needs accurately by listening and applying sensitive questioning. Managing customer expectations in relation to scope of work and are honest in what can and cannot be achieved within timescales.Confident in negotiating with customers to reflect changes in scope of work.'),
	('6', '6', 'Develops. Communicates and promotes the Kainos vision and strategy', 'Provides feedback and support in communicating the vision, and advocates within immediate teams.'),
	('6', '6', 'Influencing the vision and beyond', 'Credible communicator, displaying authenticity and adapting influencing style for different audiences.'),
	('6', '6', 'Influencing change and transformation', 'Articulates the need for changes to processes and systems, acknowledging the impact on people and services.'),
	('6', '6', 'Stakeholder management', 'Applies and adapts various approaches to stakeholder management through influencing and negotiating to maximise business for Kainosby developing and maintaining internal and external networks.'),
	('7', '6', 'Develops. Communicates and promotes the Kainos vision and strategy', 'Communicates the vision and engages others outside of immediate teams effectively and checks understanding. Translates the vision into meaningful messages that empowersdirect reports.'),
	('7', '6', 'Influencing the vision and beyond', 'Articulates opinions and adopts several ways to gain support and influence across diverse teams with the aim of securing improvements.'),
	('7', '6', 'Influencing change and transformation', 'Focuses self and others on achieving changes to systems and processes which will lead to improved services.'),
	('7', '6', 'Stakeholder management', 'Aware and proactive to what is happening in the wider businessto identify opportunities for collaboration to drive benefits for Kainos.Customer focused and achieves high levels of customer satisfaction.'),
	('8', '6', 'Develops. Communicates and promotes the Kainos vision and strategy', 'Engages people across the businessin the vision and strategyand demonstrates a high degree of emotional intelligence and transitioning between influencing style to suit the audience.'),
	('8', '6', 'Influencing the vision and beyond', 'Communicates the vision and rationale for change and modernisation through engaging andfacilitating others to work collaboratively toachieve real change.'),
	('8', '6', 'Influencing change and transformation', 'Energises others to drive change that will improve Kainos by actively managingthe change process, drawing on models of effective change management. Recognises and addresses the impact of change on people and services.'),
	('8', '6', 'Stakeholder management', 'Actively builds and maintains internal and external networks to achieve progress on objectives and shared interests through a robust understanding of Kainos’s stakeholder landscape, interactions, issues,and linkages. Engages effectively on complex issues with hostile stakeholders.'),
	('9', '6', 'Develops. Communicates and promotes the Kainos vision and strategy', 'Develops and clearly communicates the visionand strategy for ownbusiness areain a way that engages and empowers others. Uses enthusiasm and energy to inspire others and encourage joint ownership of the vision. Anticipates and constructivelyaddresses challenge.'),
	('9', '6', 'Influencing the vision and beyond', 'Actively participates in and leads on debates about the future of Kainos and our related services. Manages political interests, balancing tensions between organisational aspirations and the wider environment. Shapes and influences local, regional,and national priorities and agendas.'),
	('9', '6', 'Influencing change and transformation', 'Inspires others to take bold action and make important advances in how services are delivered. Removes organisational obstacles to change and creates new structures and processes to facilitate transformation.'),
	('9', '6', 'Stakeholder management', 'Proactively creates, maintains,and promotes a strong network of connections with colleagues across Kainos and external stakeholders. Creates an inclusive environment while maximising opportunities for teams to engage with a variety of partners and stakeholders.'),
	('10', '6', 'Develops. Communicates and promotes the Kainos vision and strategy', 'Actively engages key stakeholders in creating a bold, innovative, shared vision which reflects the future needs and aspirations of the whole company and the future direction of Kainos. Thinks broadly and aligns the vision to the Kainos valuesand communicates gaining buy in.'),
	('10', '6', 'Influencing the vision and beyond', 'Takes action to shape and implement a vision for the future of Kainos and our customers while sharing leadership and empowering others to contribute and collaborate.'),
	('10', '6', 'Influencing change and transformation', 'Empowers senior leaders within Kainos to drive change and transformation while providing direction and creating a collaborative environment for sustained change.'),
	('10', '6', 'Stakeholder management', 'Builds a strong network of collaborative relationships and partnerships globally to achieve our objectives, whist supporting wider stakeholder agendas. Utilises the experience and input of external partners, non-executive directors, and industry experts to improve effectiveness.');

