INSERT INTO jobCapabilities (capabilityId, capabilityName) VALUES 
(1,'Engineering'),
(2,'Platforms'),
(3,'Data'),
(4,'Artificial Intelligence'),
(5,'Cyber Security'),
(6,'Workday'),
(7,'Experience Design'),
(8,'Product'),
(9,'Delivery'),
(10,'Operations'),
(11,'Business Development and Marketing'),
(12,'Organisational Strategy and Planning'),
(13,'People'),
(14,'Commercial and Financial Management'),
(15,'Business Services Support');

INSERT INTO jobBandLevel (bandName, bandLevel) VALUES
('Apprentice', 6),
('Trainee', 6),
('Associate', 5),
('Senior Associate', 4),
('Consultant', 3),
('Manager', 2),
('Principal', 1),
('Leader', 1),
('Executive', 1);

INSERT INTO jobFamily (familyName, capabilityId) VALUES
-- Engineering
('Engineering Strategy and Planning',1),
('Engineering',1),
('Architecture',1),
('Testing and Quality Assurance',1),
('Product Specialist',1),
-- Platforms
('Platform Strategy and Planning',2),
('Platform Engineering',2),
('Platform Architecture',2),
('Platform Specialists',2),
('Cloud Migration',2),
('Systems Support',2),
-- Data
('Data Strategy and Planning',3),
('Data Engineering',3),
('Analysis & Data Architecture',3),
-- Artificial Intelligence
('Artificial Intelligence (AI) Strategy and Planning',4),
('Artificial Intelligence (AI) Engineering',4),
('Data Science',4),
-- Cyber Security
('Security Strategy and Planning',5),
('Security Engineering',5),
('Corporate Security',5),
-- Workday
('Strategy and Planning',6),
('HCM',6),
('Financials (including Payroll)',6),
('Data',6),
('Integrations',6),
('Change & User Adoption',6),
('Adaptive Planning',6),
('Product Services',6),
('Product Development',6),
('Extend',6),
('Spend Management',6),
-- Experience Design
('Insights',7),
('Content Design',7),
('UX / Visual Design',7),
('Service Design',7),
-- Product
('Product Consultancy',8),
('Digital Advisory Consultancy',8),
('Specialist Consultancy',8),
-- Delivery
('Delivery Strategy & Planning',9),
('Delivery Management',9),
('Engineering Management',9),
('Service Management',9),
('Workday Engagement Management',9),
-- Operations
('Operations Strategy and Planning',10),
('Operational Management',10),
('Staff Management',10),
('Programme Management Office (PMO)',10),
-- Business Development and Marketing
('Strategy and Planning',11),
('Business Development',11),
('Client Management',11),
('Partners',11),
('Bid Production',11),
('Inside Sales',11),
('Marketing - Business',11),
('Marketing - Martech',11),
-- Organisational Strategy and Planning
('Organisational Strategy and Planning',12),
-- People
('People Strategy and Planning',13),
('People Support',13),
('Organisational Development & Learning (OD&L)',13),
('Talent Acquisition',13),
-- Commercial and Financial Management
('Commercial and Financial Management Strategy & Planning',14),
('Commercial',14),
('Financial Management',14),
-- Business Services Support
('Business Services',15),
('Property Management',15),
('Travel Management',15),
('Corporate Social Responsibility Management',15);

INSERT INTO jobTraining (jobBandId, trainingLevel, courseName) VALUES
(7, 'Advanced', 'Inspiring Leaders Talent Programme'),
(8, 'Advanced', 'Inspiring Leaders Talent Programme'),
(9, 'Advanced', 'Inspiring Leaders Talent Programme'),
(7, 'Advanced', 'Empowering Leadership Programme'),
(8, 'Advanced', 'Empowering Leadership Programme'),
(9, 'Advanced', 'Empowering Leadership Programme'),
(7, 'Advanced', 'Leadership DiSC Sessions'),
(8, 'Advanced', 'Leadership DiSC Sessions'),
(9, 'Advanced', 'Leadership DiSC Sessions'),
(7, 'Advanced', 'Competency Framework Team Sessions'),
(8, 'Advanced', 'Competency Framework Team Sessions'),
(9, 'Advanced', 'Competency Framework Team Sessions'),
(7, 'Advanced', '360 Feedback (Leaders)'),
(8, 'Advanced', '360 Feedback (Leaders)'),
(9, 'Advanced', '360 Feedback (Leaders)'),
(4, 'Core', 'Effective Manager'),
(5, 'Core', 'Effective Manager'),
(6, 'Core', 'Effective Manager'),
(4, 'Core', 'Coaching Skills'),
(5, 'Core', 'Coaching Skills'),
(6, 'Core', 'Coaching Skills'),
(4, 'Core', 'Change Management'),
(5, 'Core', 'Change Management'),
(6, 'Core', 'Change Management'),
(4, 'Core', 'Courageous Conversations'),
(5, 'Core', 'Courageous Conversations'),
(6, 'Core', 'Courageous Conversations'),
(1, 'Foundation', 'Effective Meetings'),
(2, 'Foundation', 'Effective Meetings'),
(3, 'Foundation', 'Effective Meetings'),
(1, 'Foundation', 'Steps for Success'),
(2, 'Foundation', 'Steps for Success'),
(3, 'Foundation', 'Steps for Success'),
(1, 'Foundation', 'Power Point 1'),
(2, 'Foundation', 'Power Point 1'),
(3, 'Foundation', 'Power Point 1'),
(1, 'Foundation', 'Enhancing your Communication Skills'),
(2, 'Foundation', 'Enhancing your Communication Skills'),
(3, 'Foundation', 'Enhancing your Communication Skills'),
(1, 'Foundation', 'Effective Time Management'),
(2, 'Foundation', 'Effective Time Management'),
(3, 'Foundation', 'Effective Time Management'),
(1, 'All Staff', 'Coaching Lessons'),
(2, 'All Staff', 'Coaching Lessons'),
(3, 'All Staff', 'Coaching Lessons'),
(4, 'All Staff', 'Coaching Lessons'),
(5, 'All Staff', 'Coaching Lessons'),
(6, 'All Staff', 'Coaching Lessons'),
(7, 'All Staff', 'Coaching Lessons'),
(8, 'All Staff', 'Coaching Lessons'),
(9, 'All Staff', 'Coaching Lessons'),
(1, 'All Staff', 'Mindset Tools'),
(2, 'All Staff', 'Mindset Tools'),
(3, 'All Staff', 'Mindset Tools'),
(4, 'All Staff', 'Mindset Tools'),
(5, 'All Staff', 'Mindset Tools'),
(6, 'All Staff', 'Mindset Tools'),
(7, 'All Staff', 'Mindset Tools'),
(8, 'All Staff', 'Mindset Tools'),
(9, 'All Staff', 'Mindset Tools'),
(1, 'All Staff', 'Excel'),
(2, 'All Staff', 'Excel'),
(3, 'All Staff', 'Excel'),
(4, 'All Staff', 'Excel'),
(5, 'All Staff', 'Excel'),
(6, 'All Staff', 'Excel'),
(7, 'All Staff', 'Excel'),
(8, 'All Staff', 'Excel'),
(9, 'All Staff', 'Excel'),
(1, 'All Staff', 'Sleep Well'),
(2, 'All Staff', 'Sleep Well'),
(3, 'All Staff', 'Sleep Well'),
(4, 'All Staff', 'Sleep Well'),
(5, 'All Staff', 'Sleep Well'),
(6, 'All Staff', 'Sleep Well'),
(7, 'All Staff', 'Sleep Well'),
(8, 'All Staff', 'Sleep Well'),
(9, 'All Staff', 'Sleep Well');

INSERT INTO job (capabilityId, jobName, jobResponsibility, specification, bandLevelId, jobFamilyId) VALUES
(1,'Trainee Software Engineer',NULL,'https://kainossoftwareltd.sharepoint.com/people/Job%20Specifications/Forms/AllItems.aspx?id=%2Fpeople%2FJob%20Specifications%2FEngineering%2FJob%20profile%20%2D%20Software%20Engineer%20%28Trainee%29%2Epdf&parent=%2Fpeople%2FJob%20Specifications%2FEngineering&p=true&ga=1',2,2),
(1,'Trainee Data Engineer',NULL,'https://kainossoftwareltd.sharepoint.com/people/Job%20Specifications/Forms/AllItems.aspx?id=%2Fpeople%2FJob%20Specifications%2FData%2FJob%20profile%20%2D%20Trainee%20Data%20Engineer%20%28T%29%2Epdf&parent=%2Fpeople%2FJob%20Specifications%2FData&p=true&ga=1',2,13),
(3,'Trainee data Analyst',NULL,NULL,2,14),
(1,'Trainee test Engineer',NULL,'https://kainossoftwareltd.sharepoint.com/people/Job%20Specifications/Forms/AllItems.aspx?id=%2Fpeople%2FJob%20Specifications%2FEngineering%2FJob%20profile%20Trainee%20Test%20Engineer%20%28Trainee%29%2Epdf&parent=%2Fpeople%2FJob%20Specifications%2FEngineering',2,4),
(1,'Data Engineer',NULL,'https://kainossoftwareltd.sharepoint.com/people/Job%20Specifications/Forms/AllItems.aspx?id=%2Fpeople%2FJob%20Specifications%2FData%2FJob%20profile%20%2D%20Data%20Engineer%20%28As%29%2Epdf&parent=%2Fpeople%2FJob%20Specifications%2FData&p=true&ga=1',3,13),
(3,'Data Analyst',NULL,'https://kainossoftwareltd.sharepoint.com/people/Job%20Specifications/Forms/AllItems.aspx?id=%2Fpeople%2FJob%20Specifications%2FData%2FJob%20profile%20%2D%20Data%20Analyst%20%28As%29%2Epdf&parent=%2Fpeople%2FJob%20Specifications%2FData&p=true&ga=1',3,14),
(1,'Software Engineer',NULL,'https://kainossoftwareltd.sharepoint.com/people/Job%20Specifications/Forms/AllItems.aspx?id=%2Fpeople%2FJob%20Specifications%2FEngineering%2FJob%20profile%20%2D%20Software%20Engineer%20%28Associate%29%2Epdf&parent=%2Fpeople%2FJob%20Specifications%2FEngineering&p=true&ga=1',3,2),
(1,'Test Engineer',NULL,'https://kainossoftwareltd.sharepoint.com/people/Job%20Specifications/Forms/AllItems.aspx?id=%2Fpeople%2FJob%20Specifications%2FEngineering%2FJob%20profile%20%20Test%20Engineer%20%28Associate%29%2Epdf&parent=%2Fpeople%2FJob%20Specifications%2FEngineering',3,4),
(1,'Senior Software Engineer',NULL,'https://kainossoftwareltd.sharepoint.com/people/Job%20Specifications/Forms/AllItems.aspx?id=%2Fpeople%2FJob%20Specifications%2FEngineering%2FJob%20profile%20%2D%20Senior%20Software%20Engieneer%20%28Senior%20Associate%29%2Epdf&parent=%2Fpeople%2FJob%20Specifications%2FEngineering&p=true&ga=1',4,2),
(1,'Senior Test Engineer',NULL,'https://kainossoftwareltd.sharepoint.com/people/Job%20Specifications/Forms/AllItems.aspx?id=%2Fpeople%2FJob%20Specifications%2FTesting%2FJob%20profile%20%2D%20Senior%20Test%20Engineer%20%28Senior%20Associate%29%2Epdf&parent=%2Fpeople%2FJob%20Specifications%2FTesting&p=true&ga=1',4,4),
(1,'Senior Data Engineer',NULL,'https://kainossoftwareltd.sharepoint.com/people/Job%20Specifications/Forms/AllItems.aspx?id=%2Fpeople%2FJob%20Specifications%2FData%2FJob%20profile%20%2D%20Senior%20Data%20Engineer%20%28SA%29%2Epdf&parent=%2Fpeople%2FJob%20Specifications%2FData&p=true&ga=1',4,14),
(1,'Solution Architect',NULL,'https://kainossoftwareltd.sharepoint.com/people/Job%20Specifications/Forms/AllItems.aspx?id=%2Fpeople%2FJob%20Specifications%2FEngineering%2FJob%20Profile%20%2D%20Solution%20Architect%20%28Manager%29%2Epdf&parent=%2Fpeople%2FJob%20Specifications%2FEngineering&p=true&ga=1',6,2),
(1,'Test Architect',NULL,'https://kainossoftwareltd.sharepoint.com/people/Job%20Specifications/Forms/AllItems.aspx?id=%2Fpeople%2FJob%20Specifications%2FTesting%2FJob%20profile%20%2D%20Test%20Architect%20%28Manager%29%2Epdf&parent=%2Fpeople%2FJob%20Specifications%2FTesting&p=true&ga=1',6,4),
(3,'Data Solution Architect',NULL,'https://kainossoftwareltd.sharepoint.com/people/Job%20Specifications/Forms/AllItems.aspx?id=%2Fpeople%2FJob%20Specifications%2FData%2FJob%20profile%20%2D%20Data%20Solution%20Architect%20%28M%29%2Epdf&parent=%2Fpeople%2FJob%20Specifications%2FData&p=true&ga=1',6,13),
(1,'Lead Software Engineer',NULL,'https://kainossoftwareltd.sharepoint.com/people/Job%20Specifications/Forms/AllItems.aspx?id=%2Fpeople%2FJob%20Specifications%2FEngineering%2FJob%20profile%20%2D%20Lead%20Software%20Engineer%20%28Consultant%29%2Epdf&parent=%2Fpeople%2FJob%20Specifications%2FEngineering&p=true&ga=1',5,2),
(1,'Lead Data Engineer',NULL,'https://kainossoftwareltd.sharepoint.com/people/Job%20Specifications/Forms/AllItems.aspx?id=%2Fpeople%2FJob%20Specifications%2FData%2FJob%20profile%20%2D%20Lead%20Data%20Engineer%20%28C%29%2Epdf&parent=%2Fpeople%2FJob%20Specifications%2FData&p=true&ga=1',5,13),
(3,'Data Architect',NULL,'https://kainossoftwareltd.sharepoint.com/people/Job%20Specifications/Forms/AllItems.aspx?id=%2Fpeople%2FJob%20Specifications%2FData%2FJob%20profile%20%2D%20Data%20Architect%20%28M%29%2Epdf&parent=%2Fpeople%2FJob%20Specifications%2FData&p=true&ga=1',6,14),
(1,'Lead Test Engineer',NULL,'https://kainossoftwareltd.sharepoint.com/people/Job%20Specifications/Forms/AllItems.aspx?id=%2Fpeople%2FJob%20Specifications%2FEngineering%2FJob%20profile%20%2D%20Lead%20Test%20Engineer%20%28Consultant%29%2Epdf&parent=%2Fpeople%2FJob%20Specifications%2FEngineering',5,4),
(1,'Principle Architect',NULL,'https://kainossoftwareltd.sharepoint.com/people/Job%20Specifications/Forms/AllItems.aspx?id=%2Fpeople%2FJob%20Specifications%2FEngineering%2FJob%20Profile%20%2D%20Principal%20Architect%20%28Principal%29%2Epdf&parent=%2Fpeople%2FJob%20Specifications%2FEngineering&p=true&ga=1',8,2),
(3,'Principle Data Solution Architect',NULL,'https://kainossoftwareltd.sharepoint.com/people/Job%20Specifications/Forms/AllItems.aspx?id=%2Fpeople%2FJob%20Specifications%2FData%2FJob%20profile%20%2D%20Principal%20Data%20Solution%20Architect%20%28P%29%2Epdf&parent=%2Fpeople%2FJob%20Specifications%2FData&p=true&ga=1',8,13),
(3,'Principle Data Architect',NULL,'https://kainossoftwareltd.sharepoint.com/people/Job%20Specifications/Forms/AllItems.aspx?id=%2Fpeople%2FJob%20Specifications%2FData%2FJob%20profile%20%2D%20Principal%20Data%20Architect%20%28P%29%2Epdf&parent=%2Fpeople%2FJob%20Specifications%2FData&p=true&ga=1',8,14),
(1,'Principle Test Architect',NULL,'https://kainossoftwareltd.sharepoint.com/people/Job%20Specifications/Forms/AllItems.aspx?id=%2Fpeople%2FJob%20Specifications%2FEngineering%2FJob%20profile%20%2D%20Principal%20Test%20Architect%20%28P%29%2Epdf&parent=%2Fpeople%2FJob%20Specifications%2FEngineering',8,4);

